gene_id,X0,X1,X2,X3,X4,X5,X6,X7,X8,X9,X10,X11,X12,X13,X14,X15,X16,X17,X18,X19,X20,X21,X22,X23,X24,X25,X26,X27,X28,X29,X30,X31,X32,X33,X34,X35,X36,X37,X38,X39,X40,X41,X42,X43,X44,X45,X46,X47,CGTT,TGGG,TGG,CTGG,CGCG,CTCA,GTCA,CGAC,TGAG,CTG,ACCT,TGGC,CCTG,ATCT,AAGG,CGTA,CGTC,CCGT,TTCG,AGCG,GGGT,ATCG,ACA,GCGT,GCGG,Gene_type
ENSG00000082929,0.022741569,0.164237763,0.145165294,0.091405953,0,0.042820826,0.038676425,0,0.055048983,0.110875874,3.93E-05,0.100988815,0.038168455,0.160096364,0.125978477,0.209693789,0.092655706,0.172681754,0.157203373,0.0597505,0.090215063,0.072007734,0.226166927,0.080270038,0.060965398,0.33342229,0.115091367,0.030508872,0.112708785,0.118378743,0.024732467,0.090181048,0.022987805,0.00276859,0.066824481,0.106491381,0.085668113,0.101878842,0.1814486,0.027136463,0.060548912,0.049296306,0.017812358,0,0.221600961,0.174025497,0,0.103102932,0.001145475,0.005727377,0.018327606,0.005727377,0,0.009163803,0.002290951,0.001145475,0.008018328,0.026345934,0.009163803,0.001145475,0.004581901,0.002290951,0.006872852,0,0,0.001145475,0,0.001145475,0.001145475,0,0.026345934,0.001145475,0,0
ENSG00000083622,0.052604171,0.171121911,0.124659295,0.115654176,0.00106831,0.043408737,0.035506946,0.055721266,0.085791507,0.113218387,0,0.138901377,0.043864657,0.12070017,0.077760815,0.148898556,0.100858301,0.150875685,0.144729625,0.063166838,0.086849767,0.104516862,0.255456917,0.069241857,0.020174447,0.416118021,0.138295946,0.018185017,0.152364406,0.112505086,0.000180838,0.080267641,0.023519758,0.000683937,0.099458707,0.170296883,0.087625326,0.120600661,0.08960092,0.140263292,0.065897679,0.062582279,0.009596116,0.017915081,0.188830339,0.169879115,0,0.107351614,0,0.005319149,0.013297872,0.002659574,0,0.021276596,0.002659574,0,0.007978723,0.026595745,0,0,0.007978723,0,0.005319149,0.002659574,0,0.002659574,0,0.002659574,0.002659574,0.002659574,0.010638298,0,0,0
ENSG00000093100,0.110022147,0,0.322304387,0.448885781,0.366965507,0.267173015,0.559946365,0,0,0.127657669,0.326036768,0,0.761775555,0.414641998,0,0.02026213,0.158202143,0.437258109,0.654877518,0.184589548,0,0,0,0.605623665,0,0,0.221392033,0.776910305,0,0.517583129,0,0.918587115,0.365621853,0.460468385,0,0.039142425,0,0.869200585,0.068962019,0,0.079325535,0.151001678,0.44975228,0.024057482,0.229247323,0,0,0.5373166,0.000924214,0.006931608,0.025878004,0.010397412,0.001386322,0.005545287,0.003003697,0.001617375,0.004621072,0.033502773,0.005545287,0.007624769,0.010628466,0.003465804,0.005314233,0.000693161,0.001617375,0.00254159,0.000693161,0.002772643,0.003465804,0.000693161,0.014325323,0.00254159,0.003003697,0
ENSG00000099869,0.241731352,0.149942602,0.225809744,0.174558224,0.008334242,0.100617694,0.053913574,0.218273419,0,0.206649585,0.020263048,0.170289388,0.230402918,0.26994126,0.120959356,0,0.265581596,0.19621082,0.292708928,0.217135377,0.099745165,0.229653367,0.348879164,0.167335618,0.148979744,0.6689489,0.082576418,0.046317883,0.163867523,0.158744458,0.14238935,0.096666725,0.06564311,0.028785971,0.208536888,0,0.198729987,0.427847617,0.111743524,0,0.05579278,0.265392189,0,0,0.372435858,0.119247579,0.017643426,0.140016653,0,0.011633543,0.026660204,0.01502666,0.003877848,0.006301503,0.003393117,0,0.006786234,0.036839554,0.006786234,0.006786234,0.011148812,0.001938924,0.005332041,0,0.002423655,0.002423655,0.001454193,0.00484731,0.005332041,0.001454193,0.012603005,0.001938924,0.006786234,0
ENSG00000103472,0.150768562,0.117163435,0.114013211,0.101580864,0.012899918,0.05292667,0.070621264,0.141592872,0.029089887,0.075558815,0.003163612,0.128924679,0.045487296,0.074460331,0.049794445,0.138650235,0.143245237,0.177666868,0.111299683,0.077382298,0.073514672,0.139638643,0.140959986,0.093722343,0.022086144,0.276150041,0.154094958,0.087578952,0.125730441,0.104628187,0.039726577,0.032964093,0.089341155,0.024083634,0.178519493,0.104598289,0.127605866,0.069276818,0.092179787,0,0.041190219,0.03449066,0,0,0.294865056,0.160929716,0.017811344,0.116440621,0.001876173,0.003283302,0.019699812,0.007035647,0.001876173,0.005159475,0.004690432,0.000938086,0.004690432,0.023452158,0.005628518,0.003283302,0.007035647,0.003283302,0.003752345,0.000469043,0.001876173,0.000938086,0.002345216,0.002345216,0.001407129,0.000469043,0.017354597,0.002345216,0.002345216,1
ENSG00000115934,0.063430746,0.194104067,0.122610037,0.103588872,0,0.043989891,0.030968823,0.048354946,0.088255283,0.100309643,0,0.155289932,0.042550008,0.148810743,0.079149279,0.153884428,0.105647676,0.148229492,0.135859896,0.074334381,0.084325239,0.102324989,0.253417926,0.072626586,0.030851184,0.395790601,0.137150844,0.021518425,0.130262929,0.113104075,0.000680784,0.078240623,0.025310236,0,0.095322681,0.156943856,0.104197125,0.127203536,0.108892664,0.120295979,0.063390281,0.055116137,0.007241044,0.012481793,0.197112327,0.176288165,0,0.107674565,0.000752445,0.003009782,0.021068473,0.005267118,0,0.004514673,0.003009782,0,0.0082769,0.017306245,0.003762227,0.004514673,0.003009782,0.003762227,0.003762227,0,0,0.003009782,0.001504891,0.001504891,0.002257336,0.000752445,0.021820918,0,0.000752445,1
ENSG00000116652,0.132585755,0,0.266179864,0.168200389,0.064241395,0.198157919,0.121608619,0,0.382277146,0.340763014,0.030206836,0.391254706,0.002015773,0.544019701,0.25216267,0,0.133994321,0.005346448,0,0,0.25188319,0.175565823,0,0,0.07426633,0.063861636,0.001407702,0.126431447,0.210183955,0.060932079,0.208180177,0.055806217,0.094182676,0.05119441,0.055620757,0.037960402,0,0,0.008245649,0,0.019374199,0.115108364,0.085408741,0,0.078082653,0,0,0.204383437,0.000843882,0.004781997,0.016877637,0.003938115,0,0.004500703,0.002250352,0.000281294,0.005625879,0.017721519,0.003938115,0.003375527,0.003938115,0.006188467,0.005625879,0.000562588,0.000562588,0,0.00140647,0.000562588,0.003094233,0.001125176,0.017158931,0,0.000562588,1
ENSG00000116883,0.405694289,0.609758265,0.125444714,0.68382459,0.182436706,0.151275235,0.257135949,0.231621106,0.094461566,0.029216605,0.048086428,0,0.623412674,0.65381294,0.247810405,0.087830648,0.593658396,0.075621554,0.351028583,0.251694243,0,0.413978732,0,0.491615149,0.31163221,0.169651647,0.382202941,1,0.256715727,0.229851694,0,1,0.038713753,0.315683674,0.588660458,0,1,0.634742684,0.332452868,0,0.34993113,0.129072939,0,0.078345464,0.550163445,0.067250723,0.116888444,0,0.00054407,0.005984766,0.025571273,0.009249184,0.001088139,0.005440696,0.002720348,0.00054407,0.005984766,0.036996736,0.005440696,0.008705114,0.01523395,0.003808487,0.004896627,0,0.002176279,0.003808487,0.001088139,0.001632209,0.001632209,0.001088139,0.017954298,0.001088139,0.002176279,0
ENSG00000117242,0,0,0.082757718,0.019049293,0.877970782,0.187777534,0.815720643,0,0,0,0.452238368,0,0.763000922,0.516944063,0,0.080959199,0.308975207,0.438707185,0,0.112269499,0,0.620290203,0.481081094,0.885453823,0,0,0.530101338,0.320147242,0,0.497759231,0,0.258440663,0.822732312,0.904142246,0.031225566,0,0,0.674623275,0,0,0.497502347,0.114628599,0,0.700172019,0,0,0.089523515,0.27025699,0.000675219,0.006527121,0.022507315,0.008102633,0.000450146,0.00787756,0.002475805,0.000450146,0.006076975,0.03218546,0.004501463,0.007652487,0.00855278,0.004051317,0.003826244,0.000900293,0.001350439,0.002250731,0.000675219,0.000450146,0.003151024,0.000450146,0.017105559,0.000675219,0.001350439,1
ENSG00000120664,0.115092451,0.118775304,0,0.068484125,0.036636212,0.115872795,0.028623165,0.069474978,0.082162188,0.044077398,0.012574007,0.077526921,0.1092194,0.036428023,0.096281044,0.091440308,0.094804522,0.25334085,0.27827362,0.007803611,0.134328452,0.011863722,0.450641684,0.085132328,0.090933365,0.116549368,0.054681079,0.07475281,0.339879118,0.091261784,0.029950947,0.026448909,0.12291822,0.036945527,0.063136976,0.091588977,0.1397489,0.083626788,0.049541003,0,0.160290963,0.074220421,0,0.002157403,0.417553968,0.057391869,0.01462826,0.127166135,0,0.001766784,0.021201413,0.007067138,0.003533569,0.001766784,0.003533569,0.001766784,0.007067138,0.024734982,0.005300353,0,0.003533569,0.012367491,0.007067138,0,0.003533569,0.001766784,0,0,0.001766784,0,0.022968198,0,0.001766784,0
ENSG00000122043,0.077211298,0.178485434,0.12368505,0.117199095,0,0.039433388,0.035650665,0.022763528,0.062461345,0.102185985,0,0.129934967,0.049158771,0.129387623,0.061887427,0.143853515,0.106273793,0.13105695,0.123396262,0.070804903,0.072855781,0.09475867,0.216988515,0.064517952,0.057763856,0.331014424,0.135910703,0.027952721,0.123869885,0.119161528,0.01255507,0.076573045,0.027320944,0.000293644,0.107112549,0.144735268,0.089062354,0.132076064,0.1211597,0.096599323,0.066873787,0.050979826,0.00613579,0.003483649,0.249057542,0.161075027,0.00864916,0.111047117,0.001939864,0.008729389,0.030067895,0.011639185,0.000969932,0.010669253,0.003879728,0.000969932,0.003879728,0.032977692,0.007759457,0.009699321,0.012609117,0.002909796,0.003879728,0,0.001939864,0.000969932,0,0.001939864,0.001939864,0.000969932,0.019398642,0.001939864,0.001939864,0
ENSG00000122548,0,0.220341443,0.15814879,0.244911094,0.025841108,0.009598789,0.121189275,0,0.153343396,0.051590605,0,0.140077564,0.180423649,0.142602581,0.153760689,0.079262049,0.095919788,0.117647647,0.103636102,0.01607806,0,0.080557419,0.237488471,0.043943822,0.065796503,0.317875481,0.104265562,0.061328917,0.085308614,0.065078965,0.058048584,0.249533216,0,0.052209888,0.24273621,0,0.118910098,0.073236939,0.095124951,0.316060808,0.092235997,0.005804349,0.036074969,0,0.343615053,0.183587526,0,0.138300768,0.000466962,0.005370068,0.018445015,0.006770955,0.000466962,0.004669624,0.002568293,0.000466962,0.005370068,0.022414196,0.002801774,0.003268737,0.007004436,0.00396918,0.003268737,0.000466962,0.000466962,0.000933925,0.000466962,0.000933925,0.00186785,0.000700444,0.026383376,0.000700444,0.000466962,1
ENSG00000124835,0.059430114,0.194785379,0.116892742,0.121535176,0.000367745,0.037867512,0.041078691,0.025405843,0.069177392,0.117190503,0,0.120980719,0.05281206,0.12420061,0.063871631,0.156998711,0.104682671,0.127073267,0.129553281,0.073243535,0.071157997,0.09218279,0.235935118,0.063452013,0.046311433,0.392158474,0.131165591,0.027939385,0.152288715,0.109030904,0.017285039,0.065526965,0.023890047,0,0.098943381,0.160676012,0.104582904,0.118283519,0.113258823,0.103047662,0.066454194,0.05885589,0.006590829,0.001238509,0.256092766,0.127207373,0.007688954,0.122713996,0,0.004482295,0.014343344,0.004482295,0,0.007619901,0.003137606,0,0.006275213,0.015688032,0.002689377,0.001344688,0.006275213,0.002241147,0.005826983,0.000448229,0.000448229,0.000448229,0.000896459,0,0.003137606,0.000448229,0.0349619,0,0,1
ENSG00000124915,0,1,0.248500662,0.512639489,0.215387347,0.108249487,0.268520681,0.435329281,0.16061353,0.20168896,0.089433272,0,0.559174986,0.121083984,0.094606624,0.175101161,0.224286584,0.09746941,0.579369887,0.406257857,0.080744234,0,0,0.537503481,0,0.47751292,0.493589364,0.285537247,0.447920658,0.528291273,0,0.534849808,0.280326797,0.273402883,0.098764124,0.342835837,0,1,0.074113576,0,0.122835676,0,0,0.134303775,0.906187982,0.207229296,0.292231025,0.214346981,0.000405515,0.01135442,0.026358475,0.00973236,0.00081103,0.00567721,0.002027575,0.000405515,0.007704785,0.0324412,0.00324412,0.00648824,0.01216545,0.00405515,0.00729927,0.00162206,0,0.002027575,0.00081103,0.00162206,0.006893755,0,0.01865369,0.00081103,0.00162206,1
ENSG00000125514,0.027046297,0.245624071,0.059479938,0.17097626,0.001092188,0.033456378,0.006829966,0,0.114722541,0.087943699,0,0.103325413,0.082938764,0.177215562,0.081808866,0.158359243,0.074933608,0.162068706,0.120007944,0,0.064503863,0.070857454,0.209343627,0.085651009,0.030510573,0.347148073,0.102671457,0.02272359,0.224659447,0.109948157,0.043981574,0.070623075,0.018307309,0.006924598,0.126161124,0.127956767,0.233154733,0.168922273,0.213360879,0.191804205,0.03169685,0.035895669,0.019423885,0,0.099296527,0.084646239,0,0.04641527,0.002452483,0.003065604,0.022685469,0.010423053,0.003678725,0.004291845,0.003678725,0.000613121,0.005518087,0.03126916,0.001839362,0.008583691,0.00797057,0.001226242,0.004291845,0.001839362,0.002452483,0.003065604,0.002452483,0.001226242,0.002452483,0.001839362,0.01594114,0.003678725,0.003678725,0
ENSG00000125804,0.23363115,0.218122601,0.219227206,0,0.030905651,0.162510784,0.084252912,0.035622888,0.22049189,0.090963786,0,0.211206887,0.108780417,0.072017096,0.091990709,0.297690689,0.257468444,0.192718075,0,0.041985108,0.016004725,0.136343284,0.316459061,0.087963979,0.01440784,0.520169021,0.167405107,0.104624555,0.142695167,0,0.061421649,0.060354971,0.08547784,0.042566127,0.130300447,0.269512076,0,0.260034544,0.43517129,0.037895445,0.075578094,0.078457154,0,0,0.183844451,0.196732213,0.053922742,0.107514882,0.000394477,0.016568047,0.037475345,0.021893491,0.000197239,0.00295858,0.003550296,0.000197239,0.005128205,0.044378698,0.017159763,0.003155819,0.02642998,0.005522682,0.003747535,0.000197239,0.000197239,0,0.000197239,0,0.006706114,0.000788955,0.013609467,0.000394477,0.000394477,0
ENSG00000125899,0.06672717,0.193725322,0.110406721,0.117159793,0,0.037900406,0.038621073,0.021797551,0.055656978,0.110834673,0,0.127382622,0.050622774,0.130186581,0.065131496,0.155510212,0.105113161,0.126690625,0.121740964,0.081699436,0.064193283,0.082187665,0.219538341,0.061610494,0.053656961,0.351500958,0.131270435,0.026015154,0.140317204,0.114216677,0.017039063,0.069926702,0.023557728,0,0.10403249,0.147582594,0.101151776,0.11560386,0.119775278,0.090347565,0.064675593,0.056746763,0.005859858,0,0.270080726,0.126104957,0.008224999,0.122640276,0,0.004484305,0.02690583,0.006726457,0,0,0.002242152,0,0.002242152,0.024663677,0.004484305,0.006726457,0.00896861,0.011210762,0.00896861,0.002242152,0,0,0,0,0.002242152,0,0.02690583,0.002242152,0,0
ENSG00000128254,0.207539675,0.077317803,0.498788094,0.205660317,0.141475483,0.007537332,0.085705139,0,0,0.075395704,0.084873697,1,0.024582562,0,0.098439826,0,0,0.112648673,0.089537612,0.148737904,0.074178416,0.026816945,0.248098638,0.120864519,0,0,0.357152094,0.265267621,0.303109531,0.202521453,0,0.115743599,0.100502532,0.085210772,0.536741038,0.224194644,0.434030859,0.222157201,0.342580547,0,0.638313264,0.180573556,0.355162323,0.293652572,0.344851813,0,0,0.243539672,0,0.008019246,0.022453889,0.008821171,0,0.006415397,0.004009623,0.000801925,0.004811548,0.032076985,0.005613472,0.004009623,0.01042502,0.003207698,0.005613472,0.000801925,0.001603849,0.002405774,0.000801925,0.004009623,0.002405774,0.000801925,0.021651965,0.000801925,0.002405774,0
ENSG00000129816,0.063585132,0.198933202,0.110782535,0.12296032,0,0.038055921,0.038721678,0.018251149,0.053451676,0.110422377,0,0.12666875,0.053590464,0.131865484,0.065840127,0.1567821,0.105498891,0.122176825,0.123902294,0.083922994,0.065904014,0.079425086,0.219878562,0.062006548,0.054935805,0.347782633,0.130177545,0.027367307,0.13064182,0.114614136,0.018612136,0.068972459,0.023627881,0,0.109629966,0.148587688,0.104024632,0.114628778,0.125418772,0.085163894,0.063753427,0.056471153,0.00523322,0,0.270314275,0.128259647,0.009246216,0.123450174,0.001098901,0.003296703,0.018681319,0.005494505,0,0.007692308,0.003296703,0,0.005494505,0.034065934,0.007692308,0.004395604,0.008791209,0.005494505,0.006593407,0,0,0,0.001098901,0.001098901,0.002197802,0.002197802,0.015384615,0.001098901,0,0
ENSG00000129845,0.063585132,0.198933202,0.110782535,0.12296032,0,0.038055921,0.038721678,0.018251149,0.053451676,0.110422377,0,0.12666875,0.053590464,0.131865484,0.065840127,0.1567821,0.105498891,0.122176825,0.123902294,0.083922994,0.065904014,0.079425086,0.219878562,0.062006548,0.054935805,0.347782633,0.130177545,0.027367307,0.13064182,0.114614136,0.018612136,0.068972459,0.023627881,0,0.109629966,0.148587688,0.104024632,0.114628778,0.125418772,0.085163894,0.063753427,0.056471153,0.00523322,0,0.270314275,0.128259647,0.009246216,0.123450174,0.001098901,0.003296703,0.018681319,0.005494505,0,0.007692308,0.003296703,0,0.005494505,0.034065934,0.007692308,0.004395604,0.008791209,0.005494505,0.006593407,0,0,0,0.001098901,0.001098901,0.002197802,0.002197802,0.015384615,0.001098901,0,0
ENSG00000130600,1,0,0.880757142,0.031218483,0.101868308,0.330472768,0.007143412,0,0,1,0.227450577,0.077441108,0.544984129,0.822218013,1,0,1,0,0,1,0,1,0,0.362450303,0,1,0.266341645,0.04542625,0.312421979,0.36229146,1,0,0,0.078473168,0.724764963,0,0.982437888,0.842089297,0,0,0.340053329,1,0.304177546,0,0.356744584,1,0,0.395282096,0.000851789,0.010647359,0.028960818,0.012776831,0.000851789,0.005110733,0.002129472,0.002555366,0.005962521,0.025979557,0.002981261,0.005536627,0.005962521,0.002555366,0.004258944,0.000425894,0.001703578,0.001703578,0.000425894,0.004684838,0.007666099,0.002129472,0.015332198,0.001703578,0.008943782,0
ENSG00000131007,0.063585132,0.198933202,0.110782535,0.12296032,0,0.038055921,0.038721678,0.018251149,0.053451676,0.110422377,0,0.12666875,0.053590464,0.131865484,0.065840127,0.1567821,0.105498891,0.122176825,0.123902294,0.083922994,0.065904014,0.079425086,0.219878562,0.062006548,0.054935805,0.347782633,0.130177545,0.027367307,0.13064182,0.114614136,0.018612136,0.068972459,0.023627881,0,0.109629966,0.148587688,0.104024632,0.114628778,0.125418772,0.085163894,0.063753427,0.056471153,0.00523322,0,0.270314275,0.128259647,0.009246216,0.123450174,0.001221747,0.003665241,0.019547954,0.005497862,0,0.00855223,0.002443494,0.001221747,0.003054368,0.01893708,0.004886988,0.003054368,0.003054368,0.007330483,0.004276115,0,0.000610874,0,0.001221747,0,0.001832621,0.000610874,0.018326206,0,0.000610874,1
ENSG00000131484,0,0.2341557,0.174878717,0.070978424,0.000993251,0.0506926,0.026456506,0.007631569,0,0.080943189,0,0.084584374,0.070736008,0.146448122,0.062509301,0.150240409,0.122722029,0.135847243,0.147087193,0.058651537,0.060044869,0.098719029,0.169857593,0.041675581,0.033424803,0.334830521,0.149875992,0.05881226,0.170094132,0.100977596,0.049159504,0.112911431,0.023760314,0.008375473,0.04073882,0.125490433,0.062364387,0.111098117,0.137158437,0.074326434,0.057920106,0.055256889,0.010272644,0,0.13578527,0.172465612,0.004900863,0.198184198,0,0.001828154,0.012797075,0.005484461,0.001828154,0.003656307,0.003656307,0,0.012797075,0.023765996,0.012797075,0.003656307,0.005484461,0.007312614,0.005484461,0,0,0.001828154,0.001828154,0,0.001828154,0,0.021937843,0,0,1
ENSG00000131538,0.063585132,0.198933202,0.110782535,0.12296032,0,0.038055921,0.038721678,0.018251149,0.053451676,0.110422377,0,0.12666875,0.053590464,0.131865484,0.065840127,0.1567821,0.105498891,0.122176825,0.123902294,0.083922994,0.065904014,0.079425086,0.219878562,0.062006548,0.054935805,0.347782633,0.130177545,0.027367307,0.13064182,0.114614136,0.018612136,0.068972459,0.023627881,0,0.109629966,0.148587688,0.104024632,0.114628778,0.125418772,0.085163894,0.063753427,0.056471153,0.00523322,0,0.270314275,0.128259647,0.009246216,0.123450174,0,0.00610998,0.022403259,0.010183299,0,0.012219959,0,0,0.00814664,0.046843177,0.00407332,0.00610998,0.00814664,0.00610998,0.00610998,0,0,0.00203666,0,0,0.00203666,0,0.010183299,0,0,0
ENSG00000131548,0.063585132,0.198933202,0.110782535,0.12296032,0,0.038055921,0.038721678,0.018251149,0.053451676,0.110422377,0,0.12666875,0.053590464,0.131865484,0.065840127,0.1567821,0.105498891,0.122176825,0.123902294,0.083922994,0.065904014,0.079425086,0.219878562,0.062006548,0.054935805,0.347782633,0.130177545,0.027367307,0.13064182,0.114614136,0.018612136,0.068972459,0.023627881,0,0.109629966,0.148587688,0.104024632,0.114628778,0.125418772,0.085163894,0.063753427,0.056471153,0.00523322,0,0.270314275,0.128259647,0.009246216,0.123450174,0,0.00610998,0.022403259,0.010183299,0,0.012219959,0,0,0.00814664,0.046843177,0.00407332,0.00610998,0.00814664,0.00610998,0.00610998,0,0,0.00203666,0,0,0.00203666,0,0.010183299,0,0,0
ENSG00000132204,0.052980215,0.147357899,0.045625343,0.097057622,0.005329226,0.042795877,0.039341444,0,0.092124354,0.115884322,0,0.090453377,0.042882337,0.114494886,0.059535611,0.168806396,0.102830743,0.10193439,0.160526498,0.0857487,0.036864698,0.083555108,0.308763292,0.077155078,0.033923301,0.38810929,0.127666485,0.028922085,0.069090292,0.097076309,0.022093259,0.04737861,0.021783783,0.001393674,0.129996896,0.215293574,0.114494582,0.133994389,0.143264447,0.06703793,0.097571968,0.047552498,0.021339742,0,0.143358977,0.096897554,0,0.128047993,0,0.006400788,0.019694732,0.004923683,0.000984737,0.003938946,0.002461841,0.000492368,0.005908419,0.018709995,0.003938946,0.001969473,0.003938946,0.004923683,0.006400788,0.000492368,0,0,0,0.000984737,0.003446578,0.001477105,0.0201871,0.000492368,0,0
ENSG00000132832,0.532992494,0.550589815,0.115156456,0.38327062,0.234046863,0.023581419,0.252944102,0.831715421,0.309705927,0,0,0.051244364,0.16915391,0.426894222,0.326621257,0.035866915,0.497213927,0.081812492,0.220734658,0.123880005,0,0.005082299,0.667925177,0.270382438,0.409159054,0,0.521772242,0.120595855,0.523276055,0.634819572,0,0.449728235,0.160672788,0.252893103,1,0.253708561,0,0.094890382,0.31767988,0.896741274,0.481112992,0.241661111,0,0.572663587,0,0,0.435656726,0,0,0.006355932,0.02259887,0.009887006,0,0.009887006,0.004237288,0,0.007062147,0.03319209,0.004943503,0.006355932,0.009887006,0.005649718,0.003531073,0.000706215,0.000706215,0,0.000706215,0.000706215,0.003531073,0.000706215,0.015536723,0.000706215,0.001412429,1
ENSG00000136275,0.107498278,0.161578652,0.095453356,0.093225108,0.000405668,0.042319499,0.035566042,0.053227628,0.073652627,0.13949398,0,0.125600296,0.04619189,0.112682544,0.063401485,0.146083096,0.099044552,0.158582542,0.114066473,0.047218214,0.067322147,0.113446614,0.272229725,0.059506943,0.050002431,0.390700938,0.143597856,0.026424373,0.240272793,0.11256574,0.00253934,0.07786871,0.028820895,0.001047141,0.108298197,0.18263469,0.082590184,0.141961022,0.098649051,0.157424279,0.072576824,0.058893822,0.008436534,0.016622354,0.228923338,0.144984521,0.002238336,0.131031887,0.001481481,0.005925926,0.028148148,0.007407407,0,0.005925926,0.005925926,0,0.005925926,0.025185185,0.002962963,0.002962963,0.002962963,0.002962963,0.007407407,0.001481481,0,0,0.001481481,0,0.004444444,0.001481481,0.02962963,0.001481481,0,0
ENSG00000136315,0,0.237465023,0.117452857,0.180182399,0.00130511,0.068427663,0.004038679,0.00263348,0.001177106,0.173435652,0.003137216,0.14177446,0.057521225,0.185884202,0.085926857,0.16739864,0.152156613,0.207272756,0.058541187,0.086090101,0.033772458,0.086027942,0.356403069,0.085381188,0.092507836,0.296797036,0.149108269,0.011887903,0.109384911,0.079504246,0.031838448,0.147234906,0.031673499,0.005071111,0.089251565,0.125981462,0,0.118743826,0.172997763,0.026256142,0.140694988,0.147031377,0,0,0.150169067,0.221912766,0.047558498,0.044717875,0,0.002967359,0.011869436,0.008902077,0.002967359,0.008902077,0.005934718,0.002967359,0.002967359,0.03264095,0.002967359,0,0.011869436,0.008902077,0,0,0.002967359,0,0,0.002967359,0.002967359,0,0.017804154,0,0.002967359,0
ENSG00000137808,0.196884612,0.196685816,0.159119945,0.14995961,0.007582366,0.056115345,0.060551966,0.041940749,0.109335664,0.036401471,0,0.236437999,0.060946397,0.178316695,0.070005206,0.091659608,0.165823052,0.184055211,0.0164906,0,0.049845451,0.121932753,0.258814128,0.065542806,0.065887563,0.326559227,0.147219606,0.071548242,0.120949272,0.103327826,0,0.042292304,0.041572353,0.017826984,0.085253246,0.113929295,0.123344053,0.152564851,0.168615027,0.123136643,0.085441827,0.047553278,0,0.028919706,0.193868707,0.166167246,0,0.122892078,0.00179051,0.012533572,0.030438675,0.012533572,0.000895255,0.008057296,0.000895255,0.000895255,0.005371531,0.026857654,0.003581021,0.008057296,0.008057296,0.003581021,0.00179051,0.000895255,0.000895255,0.00179051,0.00179051,0.000895255,0.004476276,0.000895255,0.017009848,0,0,0
ENSG00000145063,0.414810704,0.12540927,0.208580912,0,0.14898502,0.082522638,0.11893146,0.562058922,0.180037028,0.20661223,0,0.17223987,0.022045728,0.542498045,0.500765909,0.152030249,0.103271155,0.060357572,0.017572301,0.087689092,0.020622395,0.293795403,0.605954825,0.127885515,0.012809941,0.243055669,0.553197272,0.183669759,0.251363468,0.098958982,0,0,0.154571327,0.108082296,0,0.785394357,0.533448863,0.449649577,0.446418397,0.782859827,0.317727837,0.219698456,0,0.785882946,0.579882503,0,0.455807775,0.155087505,0.001358696,0.007472826,0.025815217,0.007472826,0.000679348,0.006793478,0.004076087,0.001358696,0.010869565,0.03125,0.002717391,0.007472826,0.008831522,0.004076087,0.002717391,0.000679348,0.000679348,0.002038043,0.001358696,0.004076087,0.004076087,0.001358696,0.016983696,0.000679348,0.003396739,1
ENSG00000145075,0.257952077,0.03999864,0.432395694,0.014409311,0.072980619,0.155301735,0.146533188,0.04394626,0.157230331,0,0.002658447,0.360673418,0.104314476,0.581846865,0.161689507,0.124117327,0.192134655,0.429875001,0.200746984,0,0.305024984,0.207148527,0,0.006310539,0.27060464,0.138679441,0.053035774,0.372962591,0.03430072,0.15706514,0,0,0.125744631,0.081707689,0.262134986,0.074344876,0.078398814,0.04910854,0.257078093,0,0.247774855,0.148135549,0.014843593,0.043742305,0.372432048,0.343789675,0,0,0.000449337,0.002022018,0.013480117,0.003594698,0.000224669,0.004493372,0.00157268,0.000449337,0.005167378,0.015502134,0.002022018,0.002246686,0.00157268,0.003370029,0.006964727,0.001348012,0.000898674,0.000674006,0.00157268,0.002246686,0.001123343,0.000898674,0.025162885,0.000898674,0.000224669,1
ENSG00000146521,0.174472036,0.18709244,0,0.107878823,0.027948534,0.030560173,0.043004338,0,0.157854563,0.007137613,0.029760525,0,0,0.433750083,0.293274559,0.214381923,0.005396906,0.15975871,0.254682728,0,0.08700957,0.048743444,0.075014324,0.177352569,0.071386492,0.397834946,0.273297833,0.057600516,0.281978553,0.029013039,0.258863854,0.086036431,0.081697754,0.021967921,0.28754342,0.190757221,0.109843985,0.239911678,0.406836763,0,0,0.04187235,0.177755286,0,0.378706602,0,0,0,0.001210654,0.007263923,0.021186441,0.007263923,0.000605327,0.007869249,0.002421308,0.001815981,0.003631961,0.026029056,0.003631961,0.003631961,0.007869249,0.004237288,0.003631961,0,0.000605327,0.002421308,0,0.002421308,0.002421308,0.001815981,0.021186441,0.000605327,0.003631961,0
ENSG00000146666,0.079416095,0.199755327,0.121899255,0.119021654,0.00087664,0.049853242,0.040700379,0.044436033,0.07083373,0.099965394,0,0.128427307,0.056443765,0.132579032,0.051803772,0.164134639,0.101992791,0.11609397,0.144693672,0.062894104,0.051586669,0.085978987,0.202383691,0.063945589,0.056075739,0.367631217,0.146609576,0.037157264,0.100110801,0.123741811,0.021770761,0.081688998,0.030000186,0.002283197,0.118366273,0.13605734,0.109863114,0.098483357,0.127513524,0.096315044,0.058008514,0.053436772,0.001716598,0,0.270889796,0.127707689,0.010187271,0.110982116,0.001683502,0.002525253,0.016835017,0.003367003,0,0.004208754,0.006734007,0.000841751,0.005892256,0.024410774,0.002525253,0.005050505,0.007575758,0.001683502,0.001683502,0.000841751,0.000841751,0.000841751,0.000841751,0,0.004208754,0.000841751,0.017676768,0.001683502,0,1
ENSG00000147753,0.063585132,0.198933202,0.110782535,0.12296032,0,0.038055921,0.038721678,0.018251149,0.053451676,0.110422377,0,0.12666875,0.053590464,0.131865484,0.065840127,0.1567821,0.105498891,0.122176825,0.123902294,0.083922994,0.065904014,0.079425086,0.219878562,0.062006548,0.054935805,0.347782633,0.130177545,0.027367307,0.13064182,0.114614136,0.018612136,0.068972459,0.023627881,0,0.109629966,0.148587688,0.104024632,0.114628778,0.125418772,0.085163894,0.063753427,0.056471153,0.00523322,0,0.270314275,0.128259647,0.009246216,0.123450174,0,0.003657644,0.028529627,0.007315289,0,0.008778347,0.002926116,0.001463058,0.004389173,0.030724214,0.007315289,0.005120702,0.011704462,0.003657644,0.001463058,0,0.001463058,0.000731529,0,0,0.002194587,0.000731529,0.017556693,0.000731529,0.002194587,0
ENSG00000147761,0.063585132,0.198933202,0.110782535,0.12296032,0,0.038055921,0.038721678,0.018251149,0.053451676,0.110422377,0,0.12666875,0.053590464,0.131865484,0.065840127,0.1567821,0.105498891,0.122176825,0.123902294,0.083922994,0.065904014,0.079425086,0.219878562,0.062006548,0.054935805,0.347782633,0.130177545,0.027367307,0.13064182,0.114614136,0.018612136,0.068972459,0.023627881,0,0.109629966,0.148587688,0.104024632,0.114628778,0.125418772,0.085163894,0.063753427,0.056471153,0.00523322,0,0.270314275,0.128259647,0.009246216,0.123450174,0,0.003657644,0.029261156,0.007315289,0,0.008778347,0.002926116,0.001463058,0.004389173,0.030724214,0.007315289,0.005120702,0.011704462,0.003657644,0.001463058,0,0.001463058,0.000731529,0,0,0.002194587,0.000731529,0.017556693,0.000731529,0.001463058,0
ENSG00000149443,0.05679685,0.199578729,0.105615831,0.113158736,0,0.043664007,0.036698578,0.017558271,0.061910155,0.089310196,0,0.137867207,0.046454899,0.13640215,0.066867412,0.154927449,0.104979493,0.132774562,0.124726877,0.078050758,0.079949362,0.07932434,0.21537869,0.065616984,0.047317137,0.377060575,0.143859591,0.023696204,0.132063157,0.116420839,0.012385535,0.073202469,0.028736563,8.71E-05,0.112363785,0.144050512,0.105506673,0.116291389,0.10619626,0.097526281,0.054418159,0.052907688,0.009129055,0.001186093,0.236881322,0.172037932,0,0.126116947,0.001650165,0.00330033,0.02640264,0.00990099,0,0.004950495,0.00660066,0.001650165,0.004950495,0.018151815,0.00660066,0.004950495,0.004950495,0.001650165,0.014851485,0,0.001650165,0.001650165,0,0.001650165,0.004950495,0,0.0330033,0,0,0
ENSG00000149656,0.028615252,0.246844388,0.165389114,0.038454391,0.002134142,0.048221218,0.058067814,0,0.086234347,0.027026726,0,0.114446764,0.140195605,0.169349387,0.05930857,0.145804438,0.104499318,0.140303171,0.143295222,0.127954582,0.080491195,0.100261576,0.141118879,0.064677149,0.066958832,0.401959721,0.144027688,0.08057307,0.153806436,0.130012671,0.023070929,0.075933976,0.021707556,0.014537803,0.006127031,0.215669685,0.08637552,0.105449314,0.141810488,0.10633806,0.05012604,0.030220892,0.014878693,0,0.164277934,0.175548274,0,0.161804601,0.001077586,0.002155172,0.009698276,0.004310345,0.001077586,0.003232759,0.003232759,0,0.006465517,0.033405172,0.004310345,0.002155172,0.009698276,0.003232759,0.006465517,0.001077586,0.001077586,0.002155172,0.001077586,0.002155172,0,0,0.017241379,0.001077586,0.001077586,1
ENSG00000151303,0.191470094,0.21552249,0.138246313,0.206145734,0.01559587,0.113299996,0.051092515,0.167290394,0.035493803,0.138768841,0.001180471,0.094146513,0.069723189,0.105136988,0.093714433,0.1023596,0.115075986,0.22821754,0.264877793,0.091577892,0.052644063,0.168180819,0.343019322,0.104959328,0.156122381,0.331016477,0.151187865,0.13717537,0.177242129,0.030676718,0.011709789,0.076222474,0.093727688,0.033636614,0.174233338,0.034391985,0.20589923,0.186909906,0.071337607,0.093553522,0.09181,0.128328488,0,0.003024974,0.415497454,0,0.049344516,0.063996376,0.000877193,0.005921053,0.022368421,0.006798246,0.000219298,0.004824561,0.004166667,0.001315789,0.004385965,0.022587719,0.003947368,0.006578947,0.00745614,0.005482456,0.003289474,0.000657895,0.000877193,0.001315789,0.000877193,0.001096491,0.002850877,0.001096491,0.017324561,0.001315789,0.000877193,1
ENSG00000152931,0.844994729,0.381988157,0.306022477,0,0.135985278,0.091969591,0.106693992,0.363046629,0,0.774548657,0,0,0.100793798,1,0.496122599,0.558922877,0.160214947,0.289450815,0,0.263997825,0.216258418,0.226415086,0.366000199,0.291238961,0.38530986,0.230691455,0.440093917,0.185581639,0.299933849,0.037045184,0,0.234488026,0.263286547,0.135051487,0,1,0.611635756,0.107887646,0.198329515,0.236467838,0,0.406789667,0,1,0.755267187,0.251406709,0.282654711,0.379663574,0.000534188,0.00267094,0.013176638,0.00462963,0,0.00730057,0.003917379,0.000356125,0.004985755,0.021189459,0.005876068,0.003917379,0.006054131,0.006232194,0.005876068,0.000356125,0.000534188,0.000534188,0.000178063,0.000534188,0.000712251,0.000534188,0.022435897,0.000356125,0.000712251,1
ENSG00000153363,0.606157945,0.186674461,0,0.393071606,0.140814843,0.276578889,0.05064446,0.640815586,0.349158158,0.058889235,0.04529094,0,0.149322307,0.064413202,0.290152355,0,0.150502967,0.122911923,0.013334776,0,0.185493524,0.288209657,0.570128213,0,0.558867512,0.472355256,0.178749723,0.070752703,0.290889509,0,0.367133635,0,0.534184084,0.155720161,0.796113219,0,0.033651003,0.151226931,0.095076803,0,0.373249676,0.161849337,0,0,0,0.346861499,0.253569543,0.197995885,0.001140251,0.005701254,0.015963512,0.00627138,0.001140251,0.005986317,0.001425314,0.000285063,0.005701254,0.019099202,0.003420753,0.004846066,0.004561003,0.004561003,0.004275941,0.001140251,0.000855188,0.000570125,0.001140251,0.001140251,0.001710376,0.000570125,0.023375143,0.001425314,0.001710376,1
ENSG00000157306,0.035060224,0,0.066497076,0,0.419217667,0.188435835,0.090440671,0,0.445095295,0.009275824,0.266485642,0.093993919,0.329663154,0.379059039,0.123307901,0.020323485,0.175570423,0.010553132,0,0,0,0.410083069,0.425644837,0.31760828,0,0,0.205454376,0.353880723,0.454752128,0.327826753,0,0.224719419,0.459695784,0.443669264,0,0,0,0.20089047,0.029335871,0,0.44252824,0,0.008545504,0.139976854,0,0.403920904,0,0.324824125,0,0.010697306,0.030507132,0.009904913,0.000792393,0.002773376,0.002773376,0,0.007527734,0.028526149,0.003961965,0.009904913,0.009508716,0.003565769,0.007131537,0.000792393,0.000396197,0.001584786,0.000396197,0.001584786,0.005546751,0.000396197,0.016640254,0.001980983,0.001584786,0
ENSG00000161149,0.240690049,0,0.144891969,0,0.136368109,0.136559168,0.100971091,0,0.438530343,0.04767946,0.125093929,0,0.259549066,0.290852105,0.124976941,0.390518058,0.07015977,0.076731086,0.223190681,0,0.296244781,0.233760955,0,0.094771484,0,0.008140358,0.252802427,0.440238685,0.384720383,0,0.531996989,0.284519996,0.051578748,0.17909993,0.470558632,0.387281427,0.54270102,0.533958775,0,0,0.180832169,0.14617036,0.215220431,0,0.094785398,0.232159696,0,0.3081056,0,0.00810537,0.026342452,0.010638298,0.000506586,0.005065856,0.003546099,0.002026342,0.005065856,0.029381966,0.007598784,0.007598784,0.013171226,0.002532928,0.005572442,0.001013171,0.002532928,0.001013171,0.002026342,0.002026342,0.004559271,0.001519757,0.014184397,0.001519757,0.005065856,0
ENSG00000162888,0.10976244,0.201346636,0.170448736,0.168079293,0.01499615,0.053936145,0.047568352,0.088141543,0.158908757,0.072905344,0,0.14201813,0.046402002,0.192363998,0.07520577,0.172928128,0.178095833,0.205542368,0.097482538,0.02451026,0.069810118,0.188399792,0.435701659,0.091426832,0.203423127,0.386200044,0.121715561,0.049852822,0.228622038,0.195938025,0.06493257,0.082276839,0.027625995,0.018972184,0.249417358,0.095052862,0.046248902,0.218116274,0.052777531,0.189035085,0.139428703,0.079610435,0,0,0.150027509,0.267442161,0.017002162,0.057497172,0,0.007156489,0.020992366,0.007156489,0,0.010496183,0.002385496,0.000477099,0.006679389,0.023854962,0.005248092,0.002862595,0.007633588,0.002385496,0.010019084,0.000954198,0.001431298,0.002385496,0,0.000954198,0.005725191,0.000477099,0.025763359,0.001431298,0.000954198,0
ENSG00000162913,0.837527306,0,1,0,0.083451544,0.024313913,0.180171925,0,0.355904423,0,0.079518597,0,0.242999478,0.556668769,0,0.456296357,0,0.434833616,0.154230158,0,0.117135455,0.842733445,0,0.403419826,0.383644799,0.6165575,0,0.42515704,0,1,0,0.50425998,0.130560577,0.116409094,0.492477131,0.574085355,0,0,0,0,0.717409148,0.026988895,0.16578072,0.00547496,0,0.584957787,0,0,0.001036986,0.005530591,0.020048393,0.008641549,0.004147943,0.007258901,0.004493605,0.001382648,0.006221915,0.030418251,0.003456619,0.007604563,0.010369858,0.004493605,0.005876253,0.002073972,0.002765296,0.002419634,0.000691324,0.000345662,0.007258901,0.000345662,0.018320083,0.002073972,0.002419634,1
ENSG00000162947,0.057913804,0.229261967,0.128668146,0.218022013,0.00418841,0.01472858,0.024665045,0.044852497,0.037022252,0.099812915,0,0.133074039,0.040944477,0.055153257,0.039413038,0.190402409,0.068306792,0.115076374,0.143783834,0.043654427,0.084947945,0.093494553,0.18086532,0.05549206,0.00438628,0.46856641,0.108771487,0.042451409,0.183118699,0.072669409,0.033840033,0.020939055,0.044286794,0.005442878,0.03950197,0.128762124,0.171556449,0.099155194,0.090984823,0.079099995,0.046028449,0.072825575,0,0,0.204238842,0.142586252,0.041728081,0.091759194,0.000545852,0.003275109,0.010371179,0.004366812,0,0.00709607,0.002729258,0,0.006550218,0.020196507,0.003275109,0.002183406,0.006004367,0.009279476,0.006004367,0,0,0,0,0,0,0,0.024563319,0,0,1
ENSG00000163364,0.518115107,0.394779737,0.305207214,0.108313524,0.07237531,0.036606786,0.092812188,0.195405213,0.054315035,0.090666031,0,0.08571154,0.015983836,0.401476784,0.252930505,0.12383624,0.103803694,0.163928973,0.123566959,0.1481438,0.140116149,0.383942403,0,0.050563975,0.222710369,0.391189915,0.281773887,0.103126931,0.203503906,0.427594083,0,0.057330615,0.08749218,0.050082105,0.198492707,0.523499812,0.19561697,0.087444131,0.186149244,0.390093775,0.343952324,0.172999387,0,0.282276673,0.224042381,0.050099113,0.158968881,0,0.000710732,0.004975124,0.019189765,0.007107321,0.00355366,0.005685856,0.00355366,0.001421464,0.004264392,0.027007818,0.00355366,0.005685856,0.007818053,0.002842928,0.002842928,0,0.001421464,0.000710732,0.000710732,0.000710732,0.004975124,0.001421464,0.010660981,0.000710732,0.002842928,1
ENSG00000163597,0.449523347,0,0.028971423,0.07374419,0.444467355,0.407401067,0.266805837,0,0.259763198,0,0.487915504,0,0.450773469,0.110081095,0.425752605,0.341249561,0.433853107,0.098290176,0,0,0.168439694,0.211468755,0.134165348,0.293526975,0,0,0.159778849,0.288066626,0.456493802,0.03052225,0.329093253,0,0.378584239,0.378058398,0.251369895,0,0,0,0.277821838,0,0.346324831,0.235638581,0.664746796,0,0.18371406,0.270445724,0,0,0.001386194,0.004435819,0.020238425,0.005822013,0.001386194,0.005544774,0.003049626,0.000277239,0.008317161,0.024397006,0.005267535,0.005267535,0.005267535,0.004713058,0.004435819,0.000831716,0.001663432,0.00221791,0.000831716,0.001940671,0.003326864,0.001108955,0.012198503,0.00221791,0.000277239,0
ENSG00000163915,0.018211925,0.191391643,0.120575563,0.109128155,0,0.047568437,0.046400487,0.00544456,0.073081083,0.102981852,0.00015887,0.089215058,0.065616297,0.114917224,0.072821,0.148060332,0.110158829,0.119399342,0.159188484,0.079032223,0.084038154,0.08423278,0.22308158,0.062981811,0.041388319,0.305563042,0.129264815,0.041123776,0.168184623,0.114748303,0.030598352,0.07066373,0.019427725,0.001402732,0.091656236,0.146298972,0.123479568,0.10498463,0.113541483,0.024808644,0.059446977,0.06677444,0.012352312,0,0.167499835,0.149928513,0,0.119639403,0,0.008316008,0.026507277,0.009355509,0,0.006237006,0.003638254,0.001559252,0.006237006,0.032224532,0.002598753,0.006756757,0.006756757,0.005717256,0.006756757,0,0.000519751,0.000519751,0.001039501,0.001559252,0.000519751,0,0.023388773,0,0.001039501,0
ENSG00000164385,0.123914241,0.088256966,0.162705756,0.140206898,0.029801343,0.045009598,0.051078622,0,0,0.113238287,0.020151368,0.022076387,0.098573604,0.160367533,0.121168646,0.076598804,0.067547669,0.135563332,0.147121115,0.157796722,0.06754411,0.062202538,0.253912578,0.093704666,0,0.299998264,0.08566775,0.104006619,0.236424728,0.057212562,0,0.134659616,0.03749688,0.021733509,0.084543467,0.190762406,0.108883243,0.077906849,0.091008157,0,0.12611796,0.055611428,0.07533991,0.028786564,0.321745708,0.106370625,0,0.127355286,0.000410846,0.006162695,0.018898932,0.005341002,0,0.006984388,0.002465078,0.000410846,0.004108463,0.023418242,0.003286771,0.00451931,0.006573541,0.005751849,0.005751849,0.001232539,0.001643385,0.002054232,0,0.000821693,0.004108463,0,0.017666393,0,0.001643385,1
ENSG00000164621,0.075140087,0.15115578,0.100571828,0.124097926,0.01793724,0.072230837,0.054155783,0,0.183243233,0.12564693,0.004782668,0.187440895,0.088626359,0.181278996,0.126599798,0.136195485,0.083553578,0.050784396,0.09936228,0.054303317,0.113960337,0.079546056,0.287990238,0.045898722,0.003517866,0.344419957,0.130513537,0.039078942,0.154865543,0.102941476,0.098762538,0.047321944,0.052806517,0.01460705,0.105606027,0.128014127,0.104540215,0.131234364,0.111951846,0.018237684,0.091164013,0.074431298,0.029958329,0,0.262877196,0.157695339,0,0.168963234,0,0.003303965,0.017070485,0.003854626,0.001101322,0.003303965,0.002202643,0.001101322,0.002753304,0.019273128,0.003303965,0.004405286,0.001101322,0.006057269,0.008810573,0.000550661,0.000550661,0,0.000550661,0.002202643,0.001101322,0,0.024229075,0,0.001651982,1
ENSG00000165511,0,0,0.194150095,0,0.167020891,0.193108144,0.142962101,0,0.006082143,0.517316751,0.176977576,0,0,0.306590276,0.245029696,0,0,0.559049822,0,0,0.294672181,0.011525953,0,0.218466579,0.042463071,0,0,0.054001123,0,0.111836999,0.296799076,0.023535871,0.215013645,0.124237701,0.231781594,0,0.087865883,0,0.07737118,0,0.39260815,0.087095791,0.361330383,0,0.209493266,0.138546488,0,0.168204825,0.002274204,0.005198181,0.021767381,0.007147498,0,0.004223522,0.003248863,0.000324886,0.004223522,0.026640676,0.006822612,0.003573749,0.008447044,0.004873294,0.00617284,0.000649773,0.000649773,0.002274204,0.000649773,0.000974659,0.004548408,0.000649773,0.014944769,0.000974659,0.000324886,1
ENSG00000166770,0,0,0,0.114113089,0.822392939,0.280675834,0.461322414,0,0.309219632,0,0.53211635,0,0.626362389,0.765512969,0.263635316,0.183461104,0.247399128,0.362965789,0,0,0,0.227497354,0.275835857,0.558423863,0,0,0.140735478,0.300735794,0.191862829,0.27370896,0,0.573957321,0.822402644,0.825121928,0.048031586,0,0,0,0,0,0.847178825,0.047617907,0.326533239,0.348441708,0.052010284,0,0,0,0.003287311,0.003944773,0.016436555,0.005259698,0.001314924,0.00591716,0.002629849,0.000657462,0.006574622,0.022353715,0.004602235,0.003287311,0.006574622,0.009204471,0.003287311,0.001314924,0.001314924,0.000657462,0,0.001314924,0.003944773,0.001314924,0.017094017,0.003287311,0.003287311,0
ENSG00000166917,0.070672495,0.210069205,0.100233061,0.12768162,0.000218561,0.033739018,0.029765969,0.015554403,0.08045415,0.126004272,0,0.123219047,0.061023346,0.130430012,0.057361585,0.158749878,0.100474569,0.131445385,0.124598503,0.064362692,0.074593376,0.094356526,0.21144435,0.059426718,0.043688355,0.390687531,0.126857047,0.025945796,0.175771873,0.119090161,0.022974575,0.067842074,0.021599109,0,0.098111277,0.180928418,0.126584111,0.121119108,0.098543622,0.129466201,0.058856334,0.054697407,0.008273507,0,0.267135018,0.131370946,0.009399023,0.104578159,0.00148368,0.005934718,0.022255193,0.010385757,0.002967359,0.010385757,0.002967359,0.002967359,0.007418398,0.028189911,0.007418398,0.005934718,0.004451039,0.00148368,0,0,0,0.00148368,0,0.007418398,0.007418398,0,0.014836795,0.004451039,0.005934718,0
ENSG00000167046,0.083625228,0.195562258,0.149942773,0.146043706,0.003000952,0.035485815,0.034966229,0.031542206,0.022743555,0.118346005,0,0.121780124,0.049277869,0.15212355,0.071119321,0.154549573,0.092724713,0.087277909,0.148109401,0.094190673,0.079538874,0.084493037,0.203151089,0.066400187,0.078928874,0.365358886,0.132469355,0.043010016,0.134410471,0.092852333,0.014811682,0.094173799,0.027290008,0.004887151,0.113397338,0.158218208,0.11215321,0.142591785,0.138903847,0.102432281,0.067910673,0.051925076,0.003023232,0.001983508,0.259445151,0.163782038,0.018639861,0.140039897,0.002069322,0.004655975,0.021727884,0.010863942,0.006207967,0.005173306,0.002586653,0.001034661,0.005690636,0.027935851,0.003621314,0.004655975,0.012933264,0.001551992,0.007759959,0.000517331,0.003621314,0.004138645,0.001551992,0.003103983,0.004138645,0.000517331,0.014485256,0.002069322,0.008277289,0
ENSG00000167459,0.078835344,0.193969328,0.116095978,0.114966092,0,0.043211458,0.033087585,0.020317317,0.060658094,0.130899834,0,0.110211169,0.053065995,0.143494158,0.065871618,0.145358818,0.103590247,0.137669617,0.112617717,0.063388708,0.050311033,0.097252115,0.249906378,0.060647103,0.054638341,0.344995537,0.140356902,0.026705558,0.162409212,0.106124507,0.00665858,0.073496945,0.027739111,0.000234076,0.124382843,0.152160997,0.100309599,0.129446316,0.126039242,0.111990544,0.069997153,0.049657657,0.006764289,0.008266028,0.225152067,0.181992161,0.0105233,0.13441797,0.002262443,0.007918552,0.028846154,0.01300905,0.003959276,0.004524887,0.007352941,0.001131222,0.002828054,0.023755656,0.007352941,0.007918552,0.010180995,0.003393665,0.007918552,0.001696833,0.002828054,0.004524887,0.001131222,0.001131222,0.003393665,0,0.013574661,0.000565611,0.002262443,0
ENSG00000167912,0,0.002139416,0,0.322906534,0.349665538,0.169702879,0.019303897,0,0,0.440370804,0.38543052,0,0.109835524,0,0.476273899,0,0.675567316,0.486500671,0.122775708,0,0,0,0,0.821350886,1,0.978209507,0.039582273,0.028298787,0,0,0,0.261604002,0.474014549,0.305408238,0,0.281321547,0,0,0,0,0.187585544,0,0.566737363,0.219770244,0.744272722,0.525063775,0,0.514247392,0.001808318,0.003616637,0.015370705,0.003616637,0,0.002712477,0.000904159,0.001808318,0.007233273,0.017179024,0.002712477,0.003616637,0.005424955,0.001808318,0.003616637,0.000904159,0.000904159,0.004520796,0.000904159,0.000904159,0.001808318,0.001808318,0.018987342,0,0.000904159,1
ENSG00000168367,0.058962531,0.199479396,0.121252641,0.118567871,0,0.041243703,0.034218581,0.023363319,0.063438352,0.106324286,0,0.13809698,0.049206824,0.136304693,0.067519434,0.156402437,0.106646417,0.128263257,0.129752973,0.077190009,0.073121582,0.083525691,0.23894727,0.064927384,0.048328054,0.363927232,0.133343376,0.02527019,0.115849625,0.111342464,0.013494562,0.071750885,0.02308362,0,0.104193638,0.14567767,0.103014046,0.115583125,0.124755659,0.092180387,0.062645488,0.05428658,0.005678681,0.001474351,0.243625205,0.151662952,0.007312175,0.116433143,0.000746826,0.009708738,0.035100822,0.010828977,0,0.005227782,0.003360717,0.001493652,0.015309933,0.027259149,0.004854369,0.01120239,0.010828977,0.001867065,0.007094847,0,0.002240478,0.001493652,0.001493652,0.001120239,0.004107543,0,0.016430172,0.001120239,0.003360717,0
ENSG00000168746,0.077711877,0.177265029,0.071147892,0.15161169,0.001971361,0.035655633,0.031526888,0.039649241,0.084314741,0.119106119,0,0.163561865,0.05233021,0.124787074,0.053519407,0.143201906,0.083091211,0.136744645,0.10834196,0.037178874,0.080113457,0.099460653,0.191139565,0.066823508,0.04154371,0.392657031,0.125449518,0.033121725,0.271982171,0.119648157,0.004187114,0.063541272,0.022022097,0.002942962,0.104287569,0.16657821,0.145209936,0.151977448,0.079040654,0.15719899,0.05253535,0.049425963,0.010129401,0.012305497,0.205586376,0.13005604,0.003930138,0.081790154,0.001428571,0.007142857,0.028571429,0.014285714,0,0.008571429,0.002857143,0,0.004285714,0.031428571,0.011428571,0.01,0.01,0.004285714,0.001428571,0.004285714,0,0,0.002857143,0.001428571,0.002857143,0,0.017142857,0.001428571,0,0
ENSG00000170161,0.49445544,0.18063193,0,0.334859572,0.085105473,0.070821723,0,0,0,0.041884662,0.065972346,0.434585699,0,0.408749753,0.376648557,0,0.264290255,0.368857543,0,0,0.271608477,0.347126445,0,0.102400308,0.228935827,0.304011332,0.302333604,0.183746693,0.561925764,0.315741445,0.227127163,0.48741926,0.028026918,0.083784398,0.452658362,0,0,0.368414779,0.043516193,0,0,0.225170174,0.05066995,0,0.495404125,0.268120891,0,0.071701866,0.000393546,0.006296734,0.02558048,0.008264463,0.001967729,0.00472255,0.005116096,0.001180638,0.006296734,0.027154664,0.005116096,0.005509642,0.008264463,0.005903188,0.003148367,0.000787092,0.001574183,0.002361275,0.000393546,0.001967729,0.00472255,0.000787092,0.012593467,0.001967729,0.002754821,0
ENSG00000170919,0,0.206341466,0.249221156,0.10078138,0.154852613,0.306707034,0.136798188,0,0.286298894,0,0.107882285,0,0.228951746,0.311588609,0.261495092,0.205529175,0.218641257,0.182956368,0.20110615,0,0.137965407,0.394992861,0,0.238330882,0.101556024,0.122472152,0.152741201,0.492585747,0.334091676,0.108848174,0.452654904,0.24259647,0.166101422,0.20043198,0,0.133140425,0.163568093,0.188124154,0.244839932,0,0.097278291,0.187207873,0.137784963,0,0,0.208116217,0,0.061546871,0.001736111,0.004050926,0.017361111,0.005787037,0.002025463,0.006076389,0.002025463,0.001446759,0.006076389,0.023148148,0.006365741,0.003761574,0.0078125,0.003761574,0.00318287,0.000868056,0.00318287,0.00318287,0.001446759,0.002604167,0.002893519,0.001157407,0.01880787,0.001157407,0.003761574,0
ENSG00000170983,0.055530982,0.202617347,0.11140615,0.116471908,0,0.039471191,0.033202142,0.030347902,0.070113109,0.107712243,0,0.140413354,0.047934076,0.135554499,0.070413968,0.152001883,0.102576343,0.135769053,0.133885266,0.069120776,0.076541069,0.089454984,0.228613075,0.067142085,0.04145326,0.359123756,0.133084804,0.023192902,0.135611304,0.112059873,0.00684284,0.07532841,0.024315173,0,0.104381916,0.153572702,0.106746406,0.127318388,0.114835463,0.101946103,0.059253529,0.052930379,0.007137477,0.007288533,0.216829179,0.157712941,0.004147586,0.108329753,0.000930233,0.005116279,0.021860465,0.010697674,0.000465116,0.010697674,0.002790698,0.000465116,0.00744186,0.03255814,0.00744186,0.00372093,0.009767442,0.006511628,0.004651163,0.000465116,0.000930233,0.000930233,0.000465116,0.000930233,0.003255814,0.000930233,0.015348837,0.000930233,0,1
ENSG00000171671,0.037648685,0.204614939,0.12373822,0.119925494,0,0.040743548,0.032877962,0.030563448,0.071382772,0.095200139,0,0.131965559,0.05139134,0.147125765,0.071701321,0.154111139,0.106555978,0.135496384,0.144110525,0.080128508,0.080797423,0.089013445,0.224784146,0.067362806,0.041006017,0.367526447,0.132306689,0.020146303,0.106621285,0.105082885,0.009575793,0.075336311,0.020647325,0.00057328,0.108562664,0.159147598,0.122291051,0.115616803,0.120315008,0.097540385,0.063460351,0.05537868,0.006545702,0.005503705,0.217964472,0.165956274,0.003635521,0.112113135,0.000594177,0.009506833,0.029708853,0.011883541,0.000594177,0.002970885,0.004159239,0.001782531,0.011289364,0.025549614,0.008318479,0.006535948,0.012477718,0.001782531,0.007724302,0.000594177,0.000594177,0.001188354,0.001188354,0,0.002376708,0,0.015448604,0.000594177,0.000594177,0
ENSG00000171889,0.201276304,0.791923083,0,0.332573074,0.080458344,0,0.180253109,0.495262673,0.263817578,0.21638338,0,0,0,0.203443515,0.255401131,0,0.169391513,0,0,0.106966272,0,0,0.693708895,0.03369784,0.241515451,0.250011012,0.152094705,0.059196049,0.258320874,0,0,0.222217142,0,0.093305213,0.22485332,0,0,0.342668799,0.11358793,0.682107536,0.075751845,0.006385713,0,0.356032465,0.426925711,0.603894751,0.137012356,0.111348111,0,0.009395973,0.028187919,0.016107383,0.004026846,0.004026846,0.002684564,0,0.004026846,0.037583893,0.005369128,0.002684564,0.012080537,0.002684564,0.005369128,0.001342282,0.001342282,0.002684564,0.001342282,0.002684564,0.004026846,0,0.010738255,0.001342282,0.008053691,1
ENSG00000172965,0.122696823,0.273853179,0,0.175393234,0.129828676,0.018923308,0.14474291,0.109543068,0.112080925,0.158298599,0.028282671,0.293625643,0.111604856,0.107828138,0.497446604,0,0.430258059,0.132537226,0,0.318879345,0,0.13555126,0.708114033,0.122650585,0.135215227,0,0.350994816,0.001556576,0.049811606,0.06730137,0,0,0.151910206,0.110125547,0.239409938,0.020679097,0,0.076556139,0,0,0.190942053,0.21417643,0,0.119757364,0.03966331,0.227477593,0.300656523,0.073273928,0.000841515,0.003646564,0.020196353,0.009256662,0.001683029,0.004488079,0.004488079,0.001683029,0.005049088,0.026367461,0.004768583,0.003646564,0.007293128,0.003085554,0.005049088,0.000280505,0,0.00056101,0.00056101,0.00112202,0.002524544,0.00056101,0.021598878,0.000280505,0.00112202,0
ENSG00000173811,0.282933045,0,0.172880665,0.301847441,0.131047438,0.214215638,0.061680436,0.511372962,0,0.112248485,0.023916282,0.18339812,0.292172862,0,0.094867036,0.220256682,0.254300922,0.480907911,0,0.188077387,0.351718624,0.067171988,0,0.095237561,0.184351616,0,0.074992286,0.188411859,0,0.234248419,0.097464545,0.035549957,0.249673369,0.130683743,0.346057675,0,0.427068834,0.226135314,0.121334639,0,0.470602794,0.088711845,0,0,0.049320815,0.216556202,0.099287263,0.021779079,0.001464129,0.006832601,0.023914104,0.010736945,0,0.00829673,0.004392387,0.000976086,0.006832601,0.028306491,0.006344558,0.009272816,0.008784773,0.003416301,0.010736945,0.001952172,0,0,0.000488043,0.000488043,0.004392387,0.000488043,0.019521718,0.000976086,0.000976086,0
ENSG00000173862,0.058817937,0.178644502,0.127702535,0.147370605,0.000350199,0.04128371,0.037014478,0.042724585,0.060091938,0.12549131,0,0.156552415,0.058850995,0.13837515,0.072853996,0.159525329,0.112601034,0.14969074,0.162363505,0.09128506,0.079858788,0.119262628,0.24853924,0.066441113,0.056561763,0.361693038,0.132443651,0.051034584,0.173784551,0.130217179,0.021351027,0.061443743,0.037409672,0.002532774,0.125408674,0.184774938,0.150993043,0.114197068,0.121452276,0.104166635,0.072833042,0.048346875,0.003919563,0,0.249747705,0.16734299,0.005581692,0.112075621,0.00094518,0.006616257,0.027410208,0.014177694,0.00094518,0.004725898,0.003780718,0,0.001890359,0.035916824,0.003780718,0.007561437,0.014177694,0.006616257,0.004725898,0,0.001890359,0,0.002835539,0.00094518,0.003780718,0.001890359,0.015122873,0.00094518,0.001890359,0
ENSG00000174171,0,0.198469063,0.088312103,0.039898945,0,0.0358371,0.001009537,0.044272774,0.142672407,0.060064706,0,0.088689883,0.164524718,0.190799082,0,0.146031678,0.03387576,0.002753672,0.089602293,0,0.109134546,0.071477172,0.147167904,0,0,0.425693179,0.021803923,0.033939011,0.072648361,0.067454845,0.061566129,0.293087463,0,0.019348309,0.067519358,0.158315598,0.057033387,0.019098089,0.055687484,0.194678952,0.020804573,0.03046804,0.009296867,0,0.402524839,0.058702477,0.010276118,0.241992262,0.000344828,0.012758621,0.036551724,0.015862069,0.000344828,0.006896552,0.001724138,0.001034483,0.006551724,0.043103448,0.004827586,0.009310345,0.017241379,0.00137931,0.004137931,0.000689655,0.001724138,0.002758621,0.000344828,0.003103448,0.00862069,0,0.012758621,0.002758621,0.004137931,0
ENSG00000174365,0.102061395,0,0.130914066,0.138608303,0.304344353,0.146020767,0.112266939,0,0.039305779,0,0.206887004,0,0.535770422,0.170091135,0.190139855,0.147052041,0.13298386,0.303480584,0,0.111727449,0.016739352,0.113738413,0.648348693,0.409918586,0.357676844,0,0.333299273,0.284920117,0.21048005,0.15053956,0.235160972,0.45507107,0.15443462,0.328959864,0.619431534,0.2996725,0.059279709,0.342242761,0.208800083,0,0.417210028,0.024831608,0.051710428,0,0,0.136075012,0,0.276269001,0.000377074,0.009049774,0.027903469,0.010180995,0.003393665,0.007541478,0.003770739,0.002639517,0.006033183,0.035444947,0.003770739,0.008295626,0.012066365,0.004524887,0.001131222,0.000754148,0.002262443,0.002639517,0.00188537,0.00188537,0.004147813,0,0.009803922,0.001131222,0.003770739,0
ENSG00000174403,0.248166446,0.647393411,0.060706423,0.414986264,0.057649305,0,0.143329814,0.564237311,0.027074446,0.28835882,0,0.282163177,0,0.105972708,0.259732385,0.114991176,0.109370576,0,0,0.323510497,0,0,0.081056922,0.15273287,0.197870627,0.522487236,0.03146025,0.188180825,0.254039187,0.132700647,0,0.148426344,0,0.046246682,0.189465896,0.142126448,0.164711979,0.369587327,0.355189593,0.523529393,0.135757733,0.059516395,0,0.244820865,1,0.414428114,0.073612705,0.018900735,0.000386847,0.010444874,0.024371373,0.009284333,0.001160542,0.00696325,0.00270793,0.000773694,0.007736944,0.03172147,0.004642166,0.005029014,0.00967118,0.001934236,0.004255319,0,0.001160542,0.002321083,0.001160542,0.00270793,0.006189555,0.000386847,0.016247582,0.000773694,0.004255319,1
ENSG00000174407,0.07893225,0.221784373,0.091116673,0.132350964,0.002060072,0.04008608,0.043306763,0.064575283,0.06543048,0.127809727,0,0.157859853,0.032219887,0.147000967,0.070593507,0.149900172,0.100514365,0.117682468,0.112965932,0.066617077,0.069451476,0.076336072,0.219977758,0.074312591,0.061105153,0.379119821,0.141515161,0.031517171,0.133391948,0.121329674,0.00334802,0.081473886,0.029797536,0.001395565,0.120270144,0.134426354,0.111646969,0.136957795,0.117492029,0.114901155,0.063176852,0.055475516,0.002534032,0.012540527,0.247701969,0.191783379,0.005007402,0.12359803,0,0.004098361,0.018852459,0.009836066,0.004918033,0.007377049,0.004098361,0.000819672,0.003278689,0.037704918,0.007377049,0.006557377,0.012295082,0.004098361,0.004098361,0,0.000819672,0.002459016,0.003278689,0.001639344,0.005737705,0.001639344,0.004098361,0.000819672,0.004098361,0
ENSG00000174680,0.130226441,0.171248978,0,0.045903464,0.027794839,0.108564853,0,0.12773301,0.096700116,0,0.015095552,0.212511531,0.077414877,0.039298782,0.058026458,0.139051345,0.19864088,0.281277896,0.277128847,0.099841832,0.197059552,0.025764796,0.304478423,0.045764045,0.120735069,0.128290452,0.010945694,0.130880986,0.347124511,0.059025308,0.105195614,0.022461131,0.123250184,0.049043721,0.026105952,0,0.204990626,0.061628809,0,0.050025888,0.118014349,0.089300615,0,0,0.140397586,0.174092596,0.118990078,0.091009281,0,0.001222494,0.015892421,0.008557457,0,0.008557457,0.001222494,0,0.004889976,0.024449878,0,0.003667482,0.004889976,0.002444988,0.004889976,0.001222494,0,0.001222494,0,0.002444988,0.003667482,0.001222494,0.026894866,0,0,1
ENSG00000175061,0,0,0,0,1,0.297341003,0.130385647,0,0.223375637,0,1,0,0.787240201,0.403655719,0.201121737,0,0.350592848,0.720571445,0,0,0,0.554907844,0,0.308075511,0.242289332,0,0,0,0.172599834,0,0.557593109,0.357829217,1,0.942649706,0.100383073,0,0,0,0.113635081,0,0.626430075,0.278042734,1,0,0,0,0,0.107147396,0.003008424,0.006016847,0.022864019,0.01022864,0,0.004813478,0.003610108,0.001203369,0.004813478,0.028279182,0.004813478,0.005415162,0.007220217,0.002406739,0.003610108,0.001805054,0.002406739,0.002406739,0.001805054,0.001203369,0.008423586,0,0.015643803,0.001203369,0.001203369,0
ENSG00000175147,0,0,0,1,0.404722406,0.352757981,0.063645728,0,0.033721486,0,0.523228801,0,0.889448645,0,0,0.310215306,0.97840349,0.047205457,1,0,0,0.113491028,0,0.611463391,0,0,0,0.500746778,0,0.593145445,0,0.771680524,0.534904862,0.49091954,0.660609508,0,0,0.078729077,0,0,0,0.061942731,0.689620936,0.185151582,0,0,0,0.078539025,0.001549296,0.008591549,0.023380282,0.007887324,0.000422535,0.006478873,0.005070423,0.001408451,0.006338028,0.030985915,0.005070423,0.003943662,0.010704225,0.003802817,0.004366197,0.00056338,0.001549296,0.001126761,0.000422535,0.000985915,0.004225352,0.001690141,0.020985915,0.001267606,0.000985915,0
ENSG00000175170,0,0,0.277461739,0,0.169950708,0.136215077,0.477016156,0.255671782,0.152533873,0,0.091667656,0,0.226018415,0.560572048,0,0.167643189,0.049361788,0.252143558,0.618727601,0.108623857,0.61173335,0.022588682,0.348101642,0.015277149,0.194816526,0,0.525547133,0.052424354,0,0,0.287308122,0.289219438,0.283340194,0.188020628,0.573257811,0,0.356780807,0.963532164,0,0,0.115768467,0,0,0,0.760996144,0.032772558,0,0.131274631,0.000594884,0.004759072,0.02379536,0.00892326,0.002379536,0.00297442,0.00297442,0.001784652,0.00297442,0.02379536,0.001784652,0.006543724,0.007733492,0.00594884,0.00594884,0,0.000594884,0.000594884,0.001189768,0.00297442,0.004759072,0.001784652,0.011302796,0.001189768,0.00892326,0
ENSG00000175604,0.039155809,0.181699426,0.099026171,0.197353306,0.003875041,0.036796966,0.04013529,0.112176259,0.043524849,0.103034439,0,0.137412772,0.038627136,0.092391428,0.033949174,0.164667092,0.091277626,0.106482521,0.140730487,0.069918697,0.106841324,0.124042675,0.195575833,0.073002625,0.028829086,0.399644244,0.091365704,0.062219669,0.301404591,0.122555103,0.039653504,0.04556434,0.04840208,0.007480725,0.03855931,0.178815411,0.112252177,0.121760967,0.101253686,0.123055793,0.063783027,0.050761756,0.000397535,0,0.169455314,0.096707913,0.019316994,0.092443133,0.000506586,0.004559271,0.016717325,0.00810537,0.001013171,0.011144883,0.003039514,0,0.00810537,0.03343465,0.004559271,0.004559271,0.010638298,0.004559271,0.004559271,0.001013171,0.001013171,0.001013171,0.001013171,0.001519757,0.003039514,0.001013171,0.018743668,0.001519757,0.001013171,1
ENSG00000175611,0.416612477,0.369052217,0.227864867,0.276610839,0.099096652,0.026615237,0.123444528,0,0.320854295,0.206906578,0.02848968,0.029784004,0.224543629,0.41142739,0,0,0.095622785,0,0.148917587,0,0.117190894,0.108027705,0.308219554,0.028171994,0.195987098,0.382651409,0.124708667,0.16743999,0.200031037,0.089765188,0.02809131,0.365688139,0.149049204,0.133488849,0.154366601,0.110045288,0.295280096,0.308604534,0.287545604,0,0.101799628,0.105932665,0.027349416,0,0.028681112,0.19098217,0,0.376176755,0.001415929,0.004955752,0.019115044,0.005309735,0.002477876,0.003893805,0.002477876,0,0.006371681,0.018761062,0.003185841,0.00460177,0.003185841,0.005663717,0.005663717,0.001769912,0.000707965,0.001061947,0.000707965,0.001415929,0.003539823,0.000707965,0.020530973,0.001415929,0.002123894,1
ENSG00000175728,0.073230659,0.191537168,0.107169516,0.115487942,0,0.038980538,0.037876105,0.028749134,0.064377226,0.115003904,0,0.132235862,0.050757299,0.131086404,0.065457082,0.15518424,0.103679322,0.134869795,0.12614632,0.076199692,0.071354219,0.090013961,0.241352786,0.063190362,0.048235424,0.366992458,0.137161401,0.025929673,0.154076037,0.114783827,0.015470009,0.073039492,0.022955256,0,0.105630324,0.153944065,0.101808147,0.120486796,0.115408802,0.103628411,0.065453747,0.058141097,0.006981433,0.002156071,0.260914235,0.131165525,0.007406162,0.117756591,0.000563857,0.005638568,0.019734987,0.007893995,0,0.004510854,0.003946997,0.000281928,0.005356639,0.025655484,0.003383141,0.003946997,0.006202425,0.004228926,0.003101212,0.000281928,0.000845785,0.000845785,0.000281928,0.001127714,0.001409642,0.000281928,0.017761489,0.000845785,0.000563857,1
ENSG00000175746,0.06318221,0.208767174,0.116590447,0.109804714,0,0.043997822,0.036179156,0.038805547,0.075268721,0.104538245,0,0.13927255,0.043884048,0.146268811,0.075410782,0.153210068,0.102140645,0.140619885,0.128121043,0.080003816,0.074029816,0.092949897,0.223912474,0.067547729,0.043449997,0.363287913,0.138382086,0.022571972,0.128147909,0.117987511,0.007172598,0.075305927,0.026397863,0.000227285,0.101096373,0.1513885,0.093514855,0.119459713,0.131573444,0.096160527,0.058371798,0.054822687,0.007019296,0.007939603,0.210082157,0.165613297,0,0.113744616,0,0.003898635,0.014944769,0.003573749,0,0.008447044,0.004223522,0,0.003573749,0.017218973,0.001949318,0.005847953,0.003573749,0.004548408,0.005523067,0.000649773,0.000974659,0.000649773,0.000324886,0.001299545,0.002274204,0.000649773,0.023716699,0.000324886,0.000649773,1
ENSG00000175772,0.484779438,0.733676252,0.819865161,0.143781197,0.062930973,0.014743904,0.22389737,0.019129657,0,0.345666203,0.035830816,0.617773586,0.103641471,0.380712805,0.228926388,0.26791524,0.055988281,0.630084465,0.570228371,0.068500009,0.045448538,0.374627614,0.649156849,0.26132313,0,0,0.435890711,0.305644056,0.026666278,0.011394509,0,0.234533125,0.095363664,0.087030136,0,0.209634101,0.222475426,0.027392707,0.536198002,0,0,0.133660032,0,0.124288122,0.8646263,0,0.193680019,0,0.001637331,0.016782644,0.036839951,0.013507982,0,0.00736799,0.002046664,0.001227998,0.01023332,0.031109292,0.002455997,0.005730659,0.005321326,0.009005321,0.006549325,0.000409333,0.000409333,0.002046664,0,0.000409333,0.004093328,0.001637331,0.012689316,0.000409333,0,0
ENSG00000175773,0.067494213,0.216165634,0.281698788,0.18109532,0.034694334,0.072465558,0.068554805,0.07848909,0.094691596,0.126324706,0,0.040522908,0.105884543,0.20104867,0.080268802,0.243052523,0.121199867,0.145404511,0.10630227,0.119145517,0.093659767,0.175984821,0.353494623,0.108771892,0.048155222,0.387974004,0.181077105,0.065546487,0.187757758,0.188166355,0,0.08664405,0.078502294,0.029703515,0.117124252,0.14606499,0.094718022,0.161610608,0.088140545,0.127225984,0.162324854,0.035320079,0,0.029325429,0.158036327,0.276249062,0.054778296,0.150674884,0.000567215,0.01020987,0.024390244,0.009642655,0.000567215,0.00453772,0.001701645,0,0.00453772,0.028360749,0.00226886,0.00226886,0.009642655,0.00453772,0.005104935,0,0.00340329,0.00226886,0.000567215,0.001701645,0.005104935,0,0.019852524,0.000567215,0.00453772,1
ENSG00000175967,0.062213136,0.162089444,0.143308954,0.136680836,0.001981987,0.05423207,0.046669577,0,0.097846613,0.103495321,0,0.130122687,0.041142442,0.151113682,0.06964826,0.136164101,0.104879408,0.132520267,0.159733713,0.057349022,0.06308215,0.093301829,0.229728454,0.07663412,0.057740807,0.338066993,0.132922342,0.060861382,0.149317603,0.085568207,0.007603305,0.061459441,0.02507798,0.00411561,0.140547532,0.15099283,0.128538448,0.106010194,0.119898294,0.047322081,0.075235126,0.071426587,0.009655164,0.006161902,0.240875058,0.137627626,0,0.133933737,0.000886918,0.00443459,0.020842572,0.006651885,0,0.009312639,0.003547672,0.000886918,0.005764967,0.027494457,0.005764967,0.006208426,0.005764967,0.003991131,0.00443459,0,0.000443459,0,0.002217295,0,0.004878049,0.001330377,0.016407982,0,0,1
ENSG00000176124,0.073358935,0.122878584,0.074900326,0.062538899,0.045897719,0.162657211,0.04054686,0,0.268363282,0.185425822,0.01675151,0.133081348,0.040162702,0.144438779,0.143925347,0.063152266,0.127633595,0.104208953,0,0,0.108620498,0.042781928,0.221624167,0,0.016960358,0.068438811,0.123502607,0,0.17425771,0.114305712,0.18148496,0.010020542,0.067089653,0.033320217,0,0.060313151,0,0.020975358,0,0,0.051852046,0.073564072,0.021461039,0,0.236053139,0.136184925,0,0.066383444,0.000759734,0.005318139,0.020512821,0.006077873,0.000379867,0.00645774,0.003608737,0.000759734,0.005318139,0.022222222,0.003418803,0.004748338,0.005698006,0.006837607,0.007597341,0.000569801,0.000569801,0.000379867,0.000759734,0.000759734,0.001519468,0.000949668,0.019183286,0.000569801,0.000949668,0
ENSG00000176236,0.459911243,0.032921543,0.239994915,0,0.088194962,0.066363786,0.066924391,0,0.227079448,0.064909264,0.031385842,0.157856412,0.157802457,0.226530988,0.153029396,0.097676723,0.055187232,0.353388166,0.005673292,0.027991532,0.148978538,0.129751183,0.35313539,0,0.234108401,0.069224561,0.283048632,0.097143669,0.241981536,0.159316505,0,0.147359086,0.15798354,0.096706305,0.440715872,0,0.249397987,0.150719704,0.266421203,0,0.321164147,0,0.019928057,0.018952336,0.066503022,0.33301119,0,0.154359345,0.001166861,0.004084014,0.015169195,0.004667445,0.003500583,0.005250875,0.001750292,0.001750292,0.005834306,0.015752625,0.005250875,0.004667445,0.003500583,0.006417736,0.002917153,0.000583431,0.001750292,0.001750292,0.000583431,0.002917153,0.003500583,0.000583431,0.02042007,0.000583431,0.002333722,1
ENSG00000176320,0.065152218,0.202168402,0.093698876,0.168874225,0.001289913,0.041078403,0.036628112,0.014377204,0.067877314,0.121076563,0,0.117689435,0.069184825,0.127596821,0.053566772,0.155793745,0.09702475,0.158668653,0.135273864,0.055870417,0.078062156,0.115040228,0.246658229,0.065740184,0.065621916,0.32822932,0.155413487,0.031435641,0.185755993,0.111284239,0.011664691,0.05696538,0.019150277,0.00121795,0.102347806,0.156960897,0.161810038,0.124761641,0.100572869,0.077540496,0.043660071,0.059158954,0.005267937,0.000945611,0.243406295,0.104773284,0.008954734,0.075699065,0.0010005,0.006003002,0.014507254,0.006003002,0.0010005,0.006503252,0.002001001,0,0.004002001,0.021010505,0.003001501,0.002501251,0.006003002,0.008004002,0.002501251,0.00050025,0,0.0010005,0.00050025,0,0.003001501,0,0.020510255,0.0010005,0.0010005,1
ENSG00000176349,0.093477437,0.113880227,0.236444009,0.166023803,0.013622327,0.089418415,0.053284077,0.100827779,0,0.160421919,0,0.155435721,0.079139854,0.143658518,0.090962014,0.173301265,0.104324957,0.102497305,0.215621553,0.101990358,0.090665224,0.098629758,0.228775335,0.086093921,0.056131317,0.362588184,0.182831816,0.061929241,0.160591708,0.055934519,0,0.08777203,0.079780189,0.013368309,0.111494233,0.16899943,0.182824219,0.23478893,0.265498584,0.069566322,0.07930459,0.021501583,0,0.041777048,0.299872714,0.115087658,0.062984841,0.146047532,0.000892658,0.009372908,0.022762776,0.010711895,0.002231645,0.007364428,0.002901138,0.000669493,0.003793796,0.03191252,0.002901138,0.003347467,0.008926579,0.001562151,0.004909618,0.000446329,0.00401696,0.001785316,0.000669493,0.004463289,0.004686454,0.000669493,0.028341888,0.004240125,0.004686454,1
ENSG00000176515,0.073568329,0.212589808,0.119282509,0.099143286,5.08E-05,0.040508222,0.038634436,0.017422294,0.06923661,0.117545983,0,0.127524392,0.051072319,0.119180388,0.07087865,0.160373344,0.107900178,0.136746811,0.127938333,0.074947709,0.064709999,0.102629169,0.232485672,0.063552266,0.047940281,0.374737757,0.12564329,0.022470176,0.144531178,0.114962606,0.004061463,0.075041038,0.024657344,0.000255239,0.104330899,0.159236461,0.110988478,0.123438363,0.114011172,0.105384382,0.06028857,0.062001062,0.008849775,0.008272082,0.28002186,0.128169874,0.006377799,0.139608095,0.001164483,0.004657933,0.01775837,0.007860262,0,0.005240175,0.002911208,0.000873362,0.005531295,0.022998544,0.003202329,0.002911208,0.004949054,0.002620087,0.00727802,0.000582242,0.000873362,0.001164483,0.001164483,0.000582242,0.002911208,0.000291121,0.024163028,0.000291121,0,1
ENSG00000176593,0.288248173,0,0.271974755,0,0.212429137,0.108497027,0.308359848,0,0.203441842,0.091958127,0.178154041,0,0.42416243,0.518801815,0.006457337,0.238075925,0,0.114358651,0.730979314,0,0.037997711,0,0.060847622,0.116812642,0.077853146,0,0.168825854,0.423308851,0.310981925,0.128425852,0.014376945,0.25134463,0.203679404,0.253728088,0.02826252,0,0.07736674,0.109359189,0.05639949,0,0.020804061,0,0.365268241,0,0.11214882,0.5451421,0,0.493854804,0.000776639,0.007611059,0.023143833,0.007766387,0.003883194,0.005125815,0.002795899,0.002329916,0.004970488,0.02267785,0.004504505,0.005591799,0.008387698,0.003106555,0.006368437,0.001087294,0.002640572,0.002329916,0.001242622,0.002329916,0.003883194,0.000776639,0.013824169,0.002174588,0.005747126,0
ENSG00000176659,0.081540311,0.187780835,0.12074783,0.13460286,0.001016822,0.041822618,0.042201463,0.030049112,0.083664999,0.091757443,0,0.172393804,0.043846135,0.143439382,0.0772894,0.119422417,0.118287196,0.149357657,0.122460605,0.053580593,0.058804758,0.115368097,0.22124068,0.070922545,0.013350401,0.325968156,0.130913674,0.04034928,0.121852068,0.104346083,0,0.059283175,0.033797961,0.004879537,0.125868601,0.156975903,0.095572533,0.115563522,0.120864536,0.086406466,0.06897612,0.054836511,0.004682511,0.022127113,0.237952694,0.093658123,0.004186395,0.121331058,0,0.004758419,0.015739385,0.005490483,0.000732064,0.003660322,0.004392387,0.000366032,0.004392387,0.022693997,0.002562225,0.002562225,0.004392387,0.004392387,0.002562225,0.000366032,0.000732064,0.001098097,0.000732064,0.000366032,0.002196193,0.000732064,0.018667643,0.000732064,0.000366032,1
ENSG00000176728,0.603275832,0.201521125,0,0.067760051,0,0.225569078,0.137494161,0.650333489,0.813543771,0,0.080835366,0.169629546,0.384276885,0.749891681,0,0,0.318409266,0.403701708,0,0,0,0.212680683,0,0.13379242,0.442196679,0,0.396463625,0.046761297,0,0,0.238465519,0,0.159929253,0.119720147,0,0,0.427642631,0.00586396,0.393843016,0,0.063247543,0.020287412,0,0,0,0,0,0.425973563,0.000787298,0.004067708,0.014696234,0.004067708,0.000787298,0.003674059,0.002624328,0.000131216,0.005904737,0.020732187,0.003280409,0.002361895,0.005904737,0.003936491,0.003674059,0.000393649,0.001180947,0.000787298,0.000656082,0.001312164,0.002755544,0.000524866,0.019682456,0.000787298,0.00144338,1
ENSG00000176753,0.05679138,0.158335578,0.082648232,0.069213358,0.000799344,0.040178706,0,0.126798794,0.105615456,0.044587433,0,0.059886913,0.179988059,0.189370829,0,0.112106492,0.03947998,0.010981323,0.022502439,0.006227521,0.126514994,0.035924714,0,0,0,0.423851468,0.008603317,0.035669868,0.088926558,0.108393513,0.041896509,0.342672892,0.010333525,0.027752659,0.071181243,0.118081579,0.073594444,0.132614918,0.09249757,0.27649367,0.080583107,0.027879457,0,0,0.304417909,0.128454607,0.002888346,0.220647844,0.000939408,0.006575857,0.023954908,0.007984969,0.006575857,0.004697041,0.002818225,0.001409112,0.005636449,0.032879286,0.007045561,0.009394082,0.011742602,0.001878816,0.004227337,0,0.000939408,0.001878816,0.001878816,0.003287929,0.002818225,0.000939408,0.013151714,0.001409112,0.008454674,0
ENSG00000176754,0.015811555,0.209544577,0.079751305,0.172842048,0.002949533,0.037235938,0.0213224,0.054188845,0.080045204,0.105856045,0,0.186221468,0.055137313,0.103631137,0.059798754,0.167358564,0.092147454,0.145462023,0.121167277,0.059535186,0.084753267,0.102587307,0.191829166,0.07498893,0.045731679,0.383653813,0.122718778,0.03264535,0.203145314,0.104720492,0.021061351,0.053931919,0.041727134,0.00306386,0.102541677,0.156814097,0.146891976,0.140590134,0.117170713,0.130332076,0.045151919,0.043933433,0.002789636,0.00081193,0.163236452,0.196414134,0.012575022,0.061081747,0.001057641,0.005288207,0.02168165,0.00740349,0.001057641,0.007932311,0.003172924,0,0.006874669,0.017451084,0.004759387,0.006345849,0.005817028,0.003172924,0.008989952,0,0,0.001057641,0,0.001057641,0.001586462,0.001057641,0.021152829,0,0.001057641,1
ENSG00000176840,0.011254291,0,0,0,0.436237509,0.301764164,0.413871777,0.924285713,0.075594346,0.797107033,0,0.730240243,0.489041983,0,0.878622087,0.530566406,0.557233411,0.46174055,0,0,0.610607338,0.015659261,1,0.062511884,0.514127933,0,1,0.263219089,1,0.13060672,0,0.479633573,0.394462215,0.434904888,0.617538206,0.679455404,0.84966302,0.346324599,1,1,1,0,0,0.611493175,0,0,0.813144574,0.165959233,0.001137656,0.006825939,0.018202503,0.007963595,0.001137656,0.004550626,0.001137656,0,0.007963595,0.030716724,0.003412969,0.002275313,0.009101251,0.003412969,0.005688282,0,0.001137656,0.002275313,0.001137656,0.003412969,0.002275313,0,0.025028441,0.002275313,0.001137656,1
ENSG00000176868,0,0,0,0,0.994760899,0.376286762,1,0,0,0,0.805385812,0,1,0.196332832,0.055409029,0.000639345,0.335545798,0.673877278,0.145256853,0,0,0.184395993,0,1,0,0,0.572108284,0.782279399,0.070594546,0.729716402,0,0.472807363,0.967557033,1,0,0,0,0.508138129,0,0,0.320544503,0.036510906,0.769094458,0.343346581,0,0,0,0,0.001105787,0.008109104,0.024695909,0.008846296,0.000368596,0.005160339,0.00258017,0.000737191,0.006266126,0.027276078,0.004791743,0.00589753,0.008109104,0.00258017,0.011795061,0.000737191,0.002211574,0.002211574,0.000368596,0.001474383,0.005528935,0.000737191,0.025801696,0.001105787,0.000368596,0
ENSG00000176912,0.827913646,0,0,0.492955515,0.344555026,0.346069734,0.214033628,0,1,0.341712836,0.053674718,0,0,0.106344704,0.870660913,0.146963767,0.197246506,0,0,0,1,0.533235265,0,0.074519398,0,0,0.184599391,0.090547066,0,0.797910555,0.787952873,0,0.451378196,0.230774695,0.999169808,0.230923651,0.201248871,0,0.587345601,0,0,0.373020752,0.07749644,0,0.026799975,0,0,1,0.001184834,0.007109005,0.016587678,0.005924171,0.009478673,0.003554502,0.004739336,0.002369668,0.003554502,0.023696682,0.004739336,0.001184834,0.004739336,0.002369668,0.002369668,0,0.008293839,0.003554502,0.001184834,0.004739336,0.004739336,0.001184834,0.004739336,0.003554502,0.007109005,0
ENSG00000176984,0.156092813,0.141079882,0.114755308,0.023165724,0.005865933,0.067340972,0.004871884,0.099941075,0.068283516,0.137166897,0.013736837,0.179240246,0.070632976,0.08277097,0.059456646,0.101437915,0.056980172,0.103165614,0.269421698,0.030437977,0.017092932,0.080688305,0.474611802,0.084555259,0.049529469,0.346650791,0.164879065,0.007079753,0.129321957,0.084800839,0,0.074266769,0.124327365,0.017128069,0.07683432,0.223514042,0.105341907,0.069151226,0.211618322,0,0.064379639,0.044535427,0,0.008007339,0.320179981,0.287699601,0.131659947,0.116274171,0,0.008649688,0.027390678,0.01057184,0.002402691,0.006727535,0.003363767,0.001441615,0.005766458,0.035559827,0.004805382,0.006727535,0.012013455,0.003363767,0.001922153,0,0.001922153,0.001441615,0,0.002883229,0.003363767,0.001441615,0.016338299,0,0.007208073,0
ENSG00000177112,0.244112219,0.383058722,0.299042155,0.53743415,0.080710539,0.17811205,0.027992025,0.484054571,0.145916544,0.276423643,0,0,0.148723456,0.12482346,0.16358451,0.145946528,0.237816537,0.178750297,0.008607616,0.16321655,0,0.280993278,0.77862867,0.246343513,0.59535544,0.714943817,0.192328938,0.169765382,0.549943042,0.091421413,0,0.224724785,0.214966657,0.097969805,0.348456175,0.115103415,0,0.536526836,0.122295257,0.05586013,0.739676946,0.04026246,0,0.024406218,0.410770988,0.593179495,0.252956981,0.139546804,0,0.003618818,0.019300362,0.009650181,0,0.003618818,0.006031363,0,0.010856454,0.030156815,0.006031363,0.001206273,0.009650181,0.00482509,0.010856454,0,0.002412545,0.002412545,0.001206273,0.001206273,0.002412545,0.001206273,0.020506634,0.001206273,0,1
ENSG00000177133,0,0,0.717202319,0,0.220618993,1,0.222175871,1,0.58095365,0.338409184,0.203262797,0.55274575,0,0,0.041906388,0,0.211479095,0.17878425,0.793034439,0.046715729,0.445050832,0.572045298,0.013614583,0.514901026,0.006457167,0.934858156,0.120448172,0.346947965,0,0.413563235,0.411069059,0,0.865045556,0.231399697,0,0,0,0.688178195,0.23702564,0,0.092219622,0.49429574,0,0,0.687520117,0.3970561,1,0.279655729,0.001412762,0.009418413,0.023781493,0.011773016,0.00706381,0.005415587,0.001648222,0.000470921,0.005415587,0.032728985,0.004709206,0.006121968,0.013892159,0.001648222,0.004473746,0.001177302,0.002119143,0.003531905,0.001648222,0.002119143,0.005651048,0.001177302,0.009418413,0.001883683,0.00753473,1
ENSG00000177234,0,0.361477723,0,0.300088989,0.111874628,0.052949633,0.138135682,0.00944613,0.176720549,0,0.035904636,0.179010305,0.842824311,0.552921201,0,1,0.150996715,1,0.28960824,0,0.288629626,0,0,0.13792121,0,0,0,0.369564391,0.942305446,0.174031024,0.373692277,0.433703468,0.174839515,0.237645965,0.201045995,0.038479708,0.751160609,0.535472007,0.031780502,0,0.473792896,0,0.001868187,0,0,0.053269374,0,0,0.000459559,0.009191176,0.025735294,0.011029412,0,0.008272059,0.004595588,0.000919118,0.009191176,0.035845588,0.004136029,0.005974265,0.010110294,0.006433824,0.003216912,0,0.000919118,0.000919118,0.000459559,0.001378676,0.005055147,0.000919118,0.020220588,0.000919118,0.000919118,0
